machine,AUC_source,pAUC_source,AUC_target,pAUC_target
fan,0.4961777777777777,0.6133333333333333,0.4993888888888889,0.701111111111111
pump,0.5064277777777777,0.4955555555555556,0.48538333333333333,0.5
ToyCar,0.47964444444444443,0.38055555555555554,0.4800944444444443,0.5
valve,0.5062777777777777,0.681111111111111,0.5188333333333335,0.45555555555555555
gearbox,0.5131838799677614,0.4689735104514794,0.5367248177273864,0.6574032305604555
ToyTrain,0.48420555555555544,0.4333333333333333,0.5135166666666665,0.5
slider,0.5346885143097354,1.1200219142587393,0.5464282192788815,0.9137122884473877
